train_runtime,train_samples_per_second,train_steps_per_second,total_flos,train_loss,epoch,batch_size
1045.9578,71.705,4.483,9834539051060448.0,0.25444133918812645,3.0,16
4364.3813,17.185,0.538,9931045690587552.0,0.2628425279440071,3.0,32
4977.7448,15.067,0.236,9935003154122400.0,0.28015360462289535,3.0,64
4715.0462,15.907,0.125,9935003154122400.0,0.30872348214493317,3.0,128
2809.9498,26.691,0.105,9935054899200000.0,0.3584736934324511,3.0,256
