batch_size,avg_time_per_epoch
16,257.91020271680316
32,181.4811309834011
64,143.23122185841203
128,124.7583506165538
256,118.80765840001405
512,118.08637967500836
1024,117.75067992499098
